region_id,year,size_rank,region_name,state,median_homeprice
753899,2011,2,"Los Angeles, CA",CA,350000
753899,2012,2,"Los Angeles, CA",CA,416000
753899,2013,2,"Los Angeles, CA",CA,499000
753899,2014,2,"Los Angeles, CA",CA,520000
753899,2015,2,"Los Angeles, CA",CA,558000
753899,2016,2,"Los Angeles, CA",CA,585500
753899,2017,2,"Los Angeles, CA",CA,635000
753899,2018,2,"Los Angeles, CA",CA,640000
753899,2019,2,"Los Angeles, CA",CA,697000
753899,2020,2,"Los Angeles, CA",CA,769000
753899,2021,2,"Los Angeles, CA",CA,869000
753899,2022,2,"Los Angeles, CA",CA,845000
753899,2023,2,"Los Angeles, CA",CA,900000
395057,2011,12,"San Francisco, CA",CA,350000
395057,2012,12,"San Francisco, CA",CA,470000
395057,2013,12,"San Francisco, CA",CA,550000
395057,2014,12,"San Francisco, CA",CA,610000
395057,2015,12,"San Francisco, CA",CA,660000
395057,2016,12,"San Francisco, CA",CA,685000
395057,2017,12,"San Francisco, CA",CA,819500
395057,2018,12,"San Francisco, CA",CA,850000
395057,2019,12,"San Francisco, CA",CA,890000
395057,2020,12,"San Francisco, CA",CA,1001750
395057,2021,12,"San Francisco, CA",CA,1120000
395057,2022,12,"San Francisco, CA",CA,1075000
395057,2023,12,"San Francisco, CA",CA,1100000
395025,2011,13,"Riverside, CA",CA,170000
395025,2012,13,"Riverside, CA",CA,210000
395025,2013,13,"Riverside, CA",CA,259750
395025,2014,13,"Riverside, CA",CA,275000
395025,2015,13,"Riverside, CA",CA,300000
395025,2016,13,"Riverside, CA",CA,318000
395025,2017,13,"Riverside, CA",CA,340000
395025,2018,13,"Riverside, CA",CA,350000
395025,2019,13,"Riverside, CA",CA,375000
395025,2020,13,"Riverside, CA",CA,440000
395025,2021,13,"Riverside, CA",CA,525000
395025,2022,13,"Riverside, CA",CA,500000
395025,2023,13,"Riverside, CA",CA,533000
395056,2011,17,"San Diego, CA",CA,333000
395056,2012,17,"San Diego, CA",CA,385000
395056,2013,17,"San Diego, CA",CA,443000
395056,2014,17,"San Diego, CA",CA,455000
395056,2015,17,"San Diego, CA",CA,501250
395056,2016,17,"San Diego, CA",CA,529000
395056,2017,17,"San Diego, CA",CA,580000
395056,2018,17,"San Diego, CA",CA,584500
395056,2019,17,"San Diego, CA",CA,618000
395056,2020,17,"San Diego, CA",CA,700000
395056,2021,17,"San Diego, CA",CA,798000
395056,2022,17,"San Diego, CA",CA,780000
395056,2023,17,"San Diego, CA",CA,822000
395045,2011,26,"Sacramento, CA",CA,182500
395045,2012,26,"Sacramento, CA",CA,225500
395045,2013,26,"Sacramento, CA",CA,273000
395045,2014,26,"Sacramento, CA",CA,300000
395045,2015,26,"Sacramento, CA",CA,320000
395045,2016,26,"Sacramento, CA",CA,340000
395045,2017,26,"Sacramento, CA",CA,370000
395045,2018,26,"Sacramento, CA",CA,388000
395045,2019,26,"Sacramento, CA",CA,402000
395045,2020,26,"Sacramento, CA",CA,475000
395045,2021,26,"Sacramento, CA",CA,544000
395045,2022,26,"Sacramento, CA",CA,508000
395045,2023,26,"Sacramento, CA",CA,550000
395059,2011,36,"San Jose, CA",CA,479500
395059,2012,36,"San Jose, CA",CA,600000
395059,2013,36,"San Jose, CA",CA,674000
395059,2014,36,"San Jose, CA",CA,752000
395059,2015,36,"San Jose, CA",CA,830000
395059,2016,36,"San Jose, CA",CA,850000
395059,2017,36,"San Jose, CA",CA,1150000
395059,2018,36,"San Jose, CA",CA,1080750
395059,2019,36,"San Jose, CA",CA,1130000
395059,2020,36,"San Jose, CA",CA,1250000
395059,2021,36,"San Jose, CA",CA,1475000
395059,2022,36,"San Jose, CA",CA,1350000
395059,2023,36,"San Jose, CA",CA,1510000
394619,2011,57,"Fresno, CA",CA,135000
394619,2012,57,"Fresno, CA",CA,152000
394619,2013,57,"Fresno, CA",CA,180000
394619,2014,57,"Fresno, CA",CA,195000
394619,2015,57,"Fresno, CA",CA,225000
394619,2016,57,"Fresno, CA",CA,230000
394619,2017,57,"Fresno, CA",CA,245000
394619,2018,57,"Fresno, CA",CA,255000
394619,2019,57,"Fresno, CA",CA,270000
394619,2020,57,"Fresno, CA",CA,310000
394619,2021,57,"Fresno, CA",CA,370000
394619,2022,57,"Fresno, CA",CA,365000
394619,2023,57,"Fresno, CA",CA,370000
394357,2011,63,"Bakersfield, CA",CA,120000
394357,2012,63,"Bakersfield, CA",CA,137000
394357,2013,63,"Bakersfield, CA",CA,165000
394357,2014,63,"Bakersfield, CA",CA,176750
394357,2015,63,"Bakersfield, CA",CA,195000
394357,2016,63,"Bakersfield, CA",CA,195000
394357,2017,63,"Bakersfield, CA",CA,210000
394357,2018,63,"Bakersfield, CA",CA,216750
394357,2019,63,"Bakersfield, CA",CA,239900
394357,2020,63,"Bakersfield, CA",CA,274750
394357,2021,63,"Bakersfield, CA",CA,317500
394357,2022,63,"Bakersfield, CA",CA,315000
394357,2023,63,"Bakersfield, CA",CA,307500
394952,2011,71,"Oxnard, CA",CA,356000
394952,2012,71,"Oxnard, CA",CA,400000
394952,2013,71,"Oxnard, CA",CA,480000
394952,2014,71,"Oxnard, CA",CA,506000
394952,2015,71,"Oxnard, CA",CA,535000
394952,2016,71,"Oxnard, CA",CA,552000
394952,2017,71,"Oxnard, CA",CA,610000
394952,2018,71,"Oxnard, CA",CA,625000
394952,2019,71,"Oxnard, CA",CA,629000
394952,2020,71,"Oxnard, CA",CA,712000
394952,2021,71,"Oxnard, CA",CA,825000
394952,2022,71,"Oxnard, CA",CA,775000
394952,2023,71,"Oxnard, CA",CA,815000
395134,2011,77,"Stockton, CA",CA,150000
395134,2012,77,"Stockton, CA",CA,182000
395134,2013,77,"Stockton, CA",CA,235000
395134,2014,77,"Stockton, CA",CA,260000
395134,2015,77,"Stockton, CA",CA,281750
395134,2016,77,"Stockton, CA",CA,315000
395134,2017,77,"Stockton, CA",CA,339000
395134,2018,77,"Stockton, CA",CA,345000
395134,2019,77,"Stockton, CA",CA,369000
395134,2020,77,"Stockton, CA",CA,425000
395134,2021,77,"Stockton, CA",CA,500000
395134,2022,77,"Stockton, CA",CA,460000
395134,2023,77,"Stockton, CA",CA,500000
394871,2011,103,"Modesto, CA",CA,133000
394871,2012,103,"Modesto, CA",CA,160000
394871,2013,103,"Modesto, CA",CA,205000
394871,2014,103,"Modesto, CA",CA,220000
394871,2015,103,"Modesto, CA",CA,244750
394871,2016,103,"Modesto, CA",CA,272500
394871,2017,103,"Modesto, CA",CA,297750
394871,2018,103,"Modesto, CA",CA,305000
394871,2019,103,"Modesto, CA",CA,330000
394871,2020,103,"Modesto, CA",CA,375000
394871,2021,103,"Modesto, CA",CA,430000
394871,2022,103,"Modesto, CA",CA,413500
394871,2023,103,"Modesto, CA",CA,455000
395068,2011,112,"Santa Rosa, CA",CA,300000
395068,2012,112,"Santa Rosa, CA",CA,360000
395068,2013,112,"Santa Rosa, CA",CA,441500
395068,2014,112,"Santa Rosa, CA",CA,460000
395068,2015,112,"Santa Rosa, CA",CA,510500
395068,2016,112,"Santa Rosa, CA",CA,560000
395068,2017,112,"Santa Rosa, CA",CA,649000
395068,2018,112,"Santa Rosa, CA",CA,617000
395068,2019,112,"Santa Rosa, CA",CA,620000
395068,2020,112,"Santa Rosa, CA",CA,687500
395068,2021,112,"Santa Rosa, CA",CA,750000
395068,2022,112,"Santa Rosa, CA",CA,745000
395068,2023,112,"Santa Rosa, CA",CA,765908
395195,2011,119,"Visalia, CA",CA,117000
395195,2012,119,"Visalia, CA",CA,134000
395195,2013,119,"Visalia, CA",CA,149500
395195,2014,119,"Visalia, CA",CA,167500
395195,2015,119,"Visalia, CA",CA,188500
395195,2016,119,"Visalia, CA",CA,202000
395195,2017,119,"Visalia, CA",CA,202000
395195,2018,119,"Visalia, CA",CA,219000
395195,2019,119,"Visalia, CA",CA,239000
395195,2020,119,"Visalia, CA",CA,280000
395195,2021,119,"Visalia, CA",CA,305000
395195,2022,119,"Visalia, CA",CA,325000
395195,2023,119,"Visalia, CA",CA,330000
395183,2011,123,"Vallejo, CA",CA,184000
395183,2012,123,"Vallejo, CA",CA,215500
395183,2013,123,"Vallejo, CA",CA,270000
395183,2014,123,"Vallejo, CA",CA,310000
395183,2015,123,"Vallejo, CA",CA,330000
395183,2016,123,"Vallejo, CA",CA,375750
395183,2017,123,"Vallejo, CA",CA,405000
395183,2018,123,"Vallejo, CA",CA,415000
395183,2019,123,"Vallejo, CA",CA,445000
395183,2020,123,"Vallejo, CA",CA,490000
395183,2021,123,"Vallejo, CA",CA,567500
395183,2022,123,"Vallejo, CA",CA,550000
395183,2023,123,"Vallejo, CA",CA,540000
753917,2011,124,"Santa Maria, CA",CA,342000
753917,2012,124,"Santa Maria, CA",CA,405000
753917,2013,124,"Santa Maria, CA",CA,473200
753917,2014,124,"Santa Maria, CA",CA,540000
753917,2015,124,"Santa Maria, CA",CA,440000
753917,2016,124,"Santa Maria, CA",CA,506500
753917,2017,124,"Santa Maria, CA",CA,574000
753917,2018,124,"Santa Maria, CA",CA,670000
753917,2019,124,"Santa Maria, CA",CA,599000
753917,2020,124,"Santa Maria, CA",CA,775000
753917,2021,124,"Santa Maria, CA",CA,722000
753917,2022,124,"Santa Maria, CA",CA,835000
753917,2023,124,"Santa Maria, CA",CA,900000
395050,2011,125,"Salinas, CA",CA,265000
395050,2012,125,"Salinas, CA",CA,344750
395050,2013,125,"Salinas, CA",CA,457000
395050,2014,125,"Salinas, CA",CA,420000
395050,2015,125,"Salinas, CA",CA,484000
395050,2016,125,"Salinas, CA",CA,494000
395050,2017,125,"Salinas, CA",CA,595000
395050,2018,125,"Salinas, CA",CA,599500
395050,2019,125,"Salinas, CA",CA,616500
395050,2020,125,"Salinas, CA",CA,740000
395050,2021,125,"Salinas, CA",CA,849500
395050,2022,125,"Salinas, CA",CA,788250
395050,2023,125,"Salinas, CA",CA,841500
395061,2011,175,"San Luis Obispo, CA",CA,342500
395061,2012,175,"San Luis Obispo, CA",CA,400000
395061,2013,175,"San Luis Obispo, CA",CA,460000
395061,2014,175,"San Luis Obispo, CA",CA,454000
395061,2015,175,"San Luis Obispo, CA",CA,502500
395061,2016,175,"San Luis Obispo, CA",CA,517000
395061,2017,175,"San Luis Obispo, CA",CA,591850
395061,2018,175,"San Luis Obispo, CA",CA,605000
395061,2019,175,"San Luis Obispo, CA",CA,597750
395061,2020,175,"San Luis Obispo, CA",CA,690000
395061,2021,175,"San Luis Obispo, CA",CA,760000
395061,2022,175,"San Luis Obispo, CA",CA,809250
395061,2023,175,"San Luis Obispo, CA",CA,849000
394851,2011,177,"Merced, CA",CA,110000
394851,2012,177,"Merced, CA",CA,130000
394851,2013,177,"Merced, CA",CA,174000
394851,2014,177,"Merced, CA",CA,185000
394851,2015,177,"Merced, CA",CA,207000
394851,2016,177,"Merced, CA",CA,247500
394851,2017,177,"Merced, CA",CA,280000
394851,2018,177,"Merced, CA",CA,245000
394851,2019,177,"Merced, CA",CA,270000
394851,2020,177,"Merced, CA",CA,309000
394851,2021,177,"Merced, CA",CA,368000
394851,2022,177,"Merced, CA",CA,375000
394851,2023,177,"Merced, CA",CA,390000
395065,2011,183,"Santa Cruz, CA",CA,445000
395065,2012,183,"Santa Cruz, CA",CA,500000
395065,2013,183,"Santa Cruz, CA",CA,580000
395065,2014,183,"Santa Cruz, CA",CA,657000
395065,2015,183,"Santa Cruz, CA",CA,680000
395065,2016,183,"Santa Cruz, CA",CA,697500
395065,2017,183,"Santa Cruz, CA",CA,761250
395065,2018,183,"Santa Cruz, CA",CA,807500
395065,2019,183,"Santa Cruz, CA",CA,881500
395065,2020,183,"Santa Cruz, CA",CA,950000
395065,2021,183,"Santa Cruz, CA",CA,1050000
395065,2022,183,"Santa Cruz, CA",CA,995000
395065,2023,183,"Santa Cruz, CA",CA,970000
394464,2011,215,"Chico, CA",CA,150000
394464,2012,215,"Chico, CA",CA,175250
394464,2013,215,"Chico, CA",CA,195000
394464,2014,215,"Chico, CA",CA,221000
394464,2015,215,"Chico, CA",CA,232500
394464,2016,215,"Chico, CA",CA,253000
394464,2017,215,"Chico, CA",CA,261000
394464,2018,215,"Chico, CA",CA,343400
394464,2019,215,"Chico, CA",CA,295000
394464,2020,215,"Chico, CA",CA,359000
394464,2021,215,"Chico, CA",CA,390000
394464,2022,215,"Chico, CA",CA,365000
394464,2023,215,"Chico, CA",CA,379500
395018,2011,240,"Redding, CA",CA,150000
395018,2012,240,"Redding, CA",CA,173750
395018,2013,240,"Redding, CA",CA,165000
395018,2014,240,"Redding, CA",CA,200000
395018,2015,240,"Redding, CA",CA,214000
395018,2016,240,"Redding, CA",CA,230000
395018,2017,240,"Redding, CA",CA,245000
395018,2018,240,"Redding, CA",CA,245500
395018,2019,240,"Redding, CA",CA,265000
395018,2020,240,"Redding, CA",CA,295000
395018,2021,240,"Redding, CA",CA,351000
395018,2022,240,"Redding, CA",CA,320000
395018,2023,240,"Redding, CA",CA,360000
394559,2011,245,"El Centro, CA",CA,121750
394559,2012,245,"El Centro, CA",CA,0
394559,2013,245,"El Centro, CA",CA,145500
394559,2014,245,"El Centro, CA",CA,147000
394559,2015,245,"El Centro, CA",CA,190000
394559,2016,245,"El Centro, CA",CA,205000
394559,2017,245,"El Centro, CA",CA,215500
394559,2018,245,"El Centro, CA",CA,225750
394559,2019,245,"El Centro, CA",CA,246000
394559,2020,245,"El Centro, CA",CA,262000
394559,2021,245,"El Centro, CA",CA,285000
394559,2022,245,"El Centro, CA",CA,320000
394559,2023,245,"El Centro, CA",CA,322500
395246,2011,247,"Yuba City, CA",CA,135000
395246,2012,247,"Yuba City, CA",CA,150500
395246,2013,247,"Yuba City, CA",CA,188000
395246,2014,247,"Yuba City, CA",CA,197500
395246,2015,247,"Yuba City, CA",CA,240000
395246,2016,247,"Yuba City, CA",CA,250000
395246,2017,247,"Yuba City, CA",CA,257500
395246,2018,247,"Yuba City, CA",CA,298000
395246,2019,247,"Yuba City, CA",CA,299500
395246,2020,247,"Yuba City, CA",CA,347500
395246,2021,247,"Yuba City, CA",CA,394000
395246,2022,247,"Yuba City, CA",CA,387000
395246,2023,247,"Yuba City, CA",CA,394000
394814,2011,275,"Madera, CA",CA,116250
394814,2012,275,"Madera, CA",CA,141750
394814,2013,275,"Madera, CA",CA,185000
394814,2014,275,"Madera, CA",CA,195000
394814,2015,275,"Madera, CA",CA,193750
394814,2016,275,"Madera, CA",CA,215000
394814,2017,275,"Madera, CA",CA,239500
394814,2018,275,"Madera, CA",CA,260000
394814,2019,275,"Madera, CA",CA,269500
394814,2020,275,"Madera, CA",CA,320000
394814,2021,275,"Madera, CA",CA,370000
394814,2022,275,"Madera, CA",CA,420000
394814,2023,275,"Madera, CA",CA,405000
394662,2011,290,"Hanford, CA",CA,132250
394662,2012,290,"Hanford, CA",CA,147500
394662,2013,290,"Hanford, CA",CA,181000
394662,2014,290,"Hanford, CA",CA,166500
394662,2015,290,"Hanford, CA",CA,192000
394662,2016,290,"Hanford, CA",CA,200000
394662,2017,290,"Hanford, CA",CA,218435
394662,2018,290,"Hanford, CA",CA,214000
394662,2019,290,"Hanford, CA",CA,234000
394662,2020,290,"Hanford, CA",CA,270000
394662,2021,290,"Hanford, CA",CA,335000
394662,2022,290,"Hanford, CA",CA,329000
394662,2023,290,"Hanford, CA",CA,305000
394900,2011,312,"Napa, CA",CA,327000
394900,2012,312,"Napa, CA",CA,353000
394900,2013,312,"Napa, CA",CA,450000
394900,2014,312,"Napa, CA",CA,462500
394900,2015,312,"Napa, CA",CA,547500
394900,2016,312,"Napa, CA",CA,607000
394900,2017,312,"Napa, CA",CA,669000
394900,2018,312,"Napa, CA",CA,720000
394900,2019,312,"Napa, CA",CA,700000
394900,2020,312,"Napa, CA",CA,820000
394900,2021,312,"Napa, CA",CA,850000
394900,2022,312,"Napa, CA",CA,735000
394900,2023,312,"Napa, CA",CA,849000
394577,2011,315,"Eureka, CA",CA,229000
394577,2012,315,"Eureka, CA",CA,210000
394577,2013,315,"Eureka, CA",CA,236750
394577,2014,315,"Eureka, CA",CA,256000
394577,2015,315,"Eureka, CA",CA,270000
394577,2016,315,"Eureka, CA",CA,280000
394577,2017,315,"Eureka, CA",CA,300000
394577,2018,315,"Eureka, CA",CA,287500
394577,2019,315,"Eureka, CA",CA,315000
394577,2020,315,"Eureka, CA",CA,354250
394577,2021,315,"Eureka, CA",CA,425000
394577,2022,315,"Eureka, CA",CA,415000
394577,2023,315,"Eureka, CA",CA,408000
395166,2011,389,"Truckee, CA",CA,260000
395166,2012,389,"Truckee, CA",CA,280000
395166,2013,389,"Truckee, CA",CA,318000
395166,2014,389,"Truckee, CA",CA,320000
395166,2015,389,"Truckee, CA",CA,372500
395166,2016,389,"Truckee, CA",CA,370000
395166,2017,389,"Truckee, CA",CA,417500
395166,2018,389,"Truckee, CA",CA,405000
395166,2019,389,"Truckee, CA",CA,446000
395166,2020,389,"Truckee, CA",CA,549000
395166,2021,389,"Truckee, CA",CA,555000
395166,2022,389,"Truckee, CA",CA,595000
395166,2023,389,"Truckee, CA",CA,625000
395175,2011,416,"Ukiah, CA",CA,212000
395175,2012,416,"Ukiah, CA",CA,215000
395175,2013,416,"Ukiah, CA",CA,295000
395175,2014,416,"Ukiah, CA",CA,270000
395175,2015,416,"Ukiah, CA",CA,360000
395175,2016,416,"Ukiah, CA",CA,342500
395175,2017,416,"Ukiah, CA",CA,356525
395175,2018,416,"Ukiah, CA",CA,365250
395175,2019,416,"Ukiah, CA",CA,399500
395175,2020,416,"Ukiah, CA",CA,500000
395175,2021,416,"Ukiah, CA",CA,510000
395175,2022,416,"Ukiah, CA",CA,599000
395175,2023,416,"Ukiah, CA",CA,372500
394472,2011,492,"Clearlake, CA",CA,102500
394472,2012,492,"Clearlake, CA",CA,105000
394472,2013,492,"Clearlake, CA",CA,130000
394472,2014,492,"Clearlake, CA",CA,140250
394472,2015,492,"Clearlake, CA",CA,205000
394472,2016,492,"Clearlake, CA",CA,205250
394472,2017,492,"Clearlake, CA",CA,250000
394472,2018,492,"Clearlake, CA",CA,225000
394472,2019,492,"Clearlake, CA",CA,255000
394472,2020,492,"Clearlake, CA",CA,287500
394472,2021,492,"Clearlake, CA",CA,340000
394472,2022,492,"Clearlake, CA",CA,317000
394472,2023,492,"Clearlake, CA",CA,304000
395016,2011,506,"Red Bluff, CA",CA,127750
395016,2012,506,"Red Bluff, CA",CA,103000
395016,2013,506,"Red Bluff, CA",CA,126000
395016,2014,506,"Red Bluff, CA",CA,160000
395016,2015,506,"Red Bluff, CA",CA,170000
395016,2016,506,"Red Bluff, CA",CA,183500
395016,2017,506,"Red Bluff, CA",CA,190000
395016,2018,506,"Red Bluff, CA",CA,247500
395016,2019,506,"Red Bluff, CA",CA,224000
395016,2020,506,"Red Bluff, CA",CA,246000
395016,2021,506,"Red Bluff, CA",CA,307000
395016,2022,506,"Red Bluff, CA",CA,290000
395016,2023,506,"Red Bluff, CA",CA,300000
753920,2011,569,"Sonora, CA",CA,150000
753920,2012,569,"Sonora, CA",CA,210000
753920,2013,569,"Sonora, CA",CA,178000
753920,2014,569,"Sonora, CA",CA,200000
753920,2015,569,"Sonora, CA",CA,225000
753920,2016,569,"Sonora, CA",CA,244000
753920,2017,569,"Sonora, CA",CA,262500
753920,2018,569,"Sonora, CA",CA,253000
753920,2019,569,"Sonora, CA",CA,289000
753920,2020,569,"Sonora, CA",CA,318250
753920,2021,569,"Sonora, CA",CA,400000
753920,2022,569,"Sonora, CA",CA,417500
753920,2023,569,"Sonora, CA",CA,388000
394856,2011,8,"Miami, FL",FL,155000
394856,2012,8,"Miami, FL",FL,180250
394856,2013,8,"Miami, FL",FL,215000
394856,2014,8,"Miami, FL",FL,235000
394856,2015,8,"Miami, FL",FL,255000
394856,2016,8,"Miami, FL",FL,274000
394856,2017,8,"Miami, FL",FL,296000
394856,2018,8,"Miami, FL",FL,315000
394856,2019,8,"Miami, FL",FL,329600
394856,2020,8,"Miami, FL",FL,375000
394856,2021,8,"Miami, FL",FL,435000
394856,2022,8,"Miami, FL",FL,472000
394856,2023,8,"Miami, FL",FL,530000
395148,2011,18,"Tampa, FL",FL,112000
395148,2012,18,"Tampa, FL",FL,123000
395148,2013,18,"Tampa, FL",FL,139950
395148,2014,18,"Tampa, FL",FL,150000
395148,2015,18,"Tampa, FL",FL,162000
395148,2016,18,"Tampa, FL",FL,183000
395148,2017,18,"Tampa, FL",FL,200000
395148,2018,18,"Tampa, FL",FL,213000
395148,2019,18,"Tampa, FL",FL,230000
395148,2020,18,"Tampa, FL",FL,265000
395148,2021,18,"Tampa, FL",FL,340000
395148,2022,18,"Tampa, FL",FL,360000
395148,2023,18,"Tampa, FL",FL,375000
394943,2011,22,"Orlando, FL",FL,124000
394943,2012,22,"Orlando, FL",FL,142000
394943,2013,22,"Orlando, FL",FL,160000
394943,2014,22,"Orlando, FL",FL,167000
394943,2015,22,"Orlando, FL",FL,187800
394943,2016,22,"Orlando, FL",FL,206000
394943,2017,22,"Orlando, FL",FL,230000
394943,2018,22,"Orlando, FL",FL,245000
394943,2019,22,"Orlando, FL",FL,260000
394943,2020,22,"Orlando, FL",FL,286000
394943,2021,22,"Orlando, FL",FL,360000
394943,2022,22,"Orlando, FL",FL,380000
394943,2023,22,"Orlando, FL",FL,399900
394714,2011,40,"Jacksonville, FL",FL,129000
394714,2012,40,"Jacksonville, FL",FL,135100
394714,2013,40,"Jacksonville, FL",FL,139500
394714,2014,40,"Jacksonville, FL",FL,159900
394714,2015,40,"Jacksonville, FL",FL,167000
394714,2016,40,"Jacksonville, FL",FL,180000
394714,2017,40,"Jacksonville, FL",FL,197500
394714,2018,40,"Jacksonville, FL",FL,215000
394714,2019,40,"Jacksonville, FL",FL,222500
394714,2020,40,"Jacksonville, FL",FL,260000
394714,2021,40,"Jacksonville, FL",FL,317800
394714,2022,40,"Jacksonville, FL",FL,315000
394714,2023,40,"Jacksonville, FL",FL,341000
753906,2011,73,"North Port, FL",FL,143500
753906,2012,73,"North Port, FL",FL,155500
753906,2013,73,"North Port, FL",FL,172750
753906,2014,73,"North Port, FL",FL,185000
753906,2015,73,"North Port, FL",FL,215000
753906,2016,73,"North Port, FL",FL,236500
753906,2017,73,"North Port, FL",FL,256000
753906,2018,73,"North Port, FL",FL,256000
753906,2019,73,"North Port, FL",FL,270000
753906,2020,73,"North Port, FL",FL,315100
753906,2021,73,"North Port, FL",FL,410000
753906,2022,73,"North Port, FL",FL,434000
753906,2023,73,"North Port, FL",FL,470000
394440,2011,78,"Cape Coral, FL",FL,107000
394440,2012,78,"Cape Coral, FL",FL,130000
394440,2013,78,"Cape Coral, FL",FL,155100
394440,2014,78,"Cape Coral, FL",FL,162250
394440,2015,78,"Cape Coral, FL",FL,200000
394440,2016,78,"Cape Coral, FL",FL,202000
394440,2017,78,"Cape Coral, FL",FL,210000
394440,2018,78,"Cape Coral, FL",FL,229900
394440,2019,78,"Cape Coral, FL",FL,255000
394440,2020,78,"Cape Coral, FL",FL,280000
394440,2021,78,"Cape Coral, FL",FL,280000
394440,2022,78,"Cape Coral, FL",FL,325000
394440,2023,78,"Cape Coral, FL",FL,285000
394766,2011,82,"Lakeland, FL",FL,87000
394766,2012,82,"Lakeland, FL",FL,114000
394766,2013,82,"Lakeland, FL",FL,130000
394766,2014,82,"Lakeland, FL",FL,130000
394766,2015,82,"Lakeland, FL",FL,130000
394766,2016,82,"Lakeland, FL",FL,155000
394766,2017,82,"Lakeland, FL",FL,169900
394766,2018,82,"Lakeland, FL",FL,181000
394766,2019,82,"Lakeland, FL",FL,193000
394766,2020,82,"Lakeland, FL",FL,226000
394766,2021,82,"Lakeland, FL",FL,282550
394766,2022,82,"Lakeland, FL",FL,297250
394766,2023,82,"Lakeland, FL",FL,300000
394528,2011,90,"Deltona, FL",FL,93000
394528,2012,90,"Deltona, FL",FL,110000
394528,2013,90,"Deltona, FL",FL,122800
394528,2014,90,"Deltona, FL",FL,132500
394528,2015,90,"Deltona, FL",FL,150200
394528,2016,90,"Deltona, FL",FL,163000
394528,2017,90,"Deltona, FL",FL,180000
394528,2018,90,"Deltona, FL",FL,190021
394528,2019,90,"Deltona, FL",FL,213000
394528,2020,90,"Deltona, FL",FL,240000
394528,2021,90,"Deltona, FL",FL,297000
394528,2022,90,"Deltona, FL",FL,312000
394528,2023,90,"Deltona, FL",FL,328000
394957,2011,97,"Palm Bay, FL",FL,95000
394957,2012,97,"Palm Bay, FL",FL,105000
394957,2013,97,"Palm Bay, FL",FL,119900
394957,2014,97,"Palm Bay, FL",FL,130000
394957,2015,97,"Palm Bay, FL",FL,152000
394957,2016,97,"Palm Bay, FL",FL,175000
394957,2017,97,"Palm Bay, FL",FL,193000
394957,2018,97,"Palm Bay, FL",FL,200000
394957,2019,97,"Palm Bay, FL",FL,235000
394957,2020,97,"Palm Bay, FL",FL,257500
394957,2021,97,"Palm Bay, FL",FL,315000
394957,2022,97,"Palm Bay, FL",FL,325000
394957,2023,97,"Palm Bay, FL",FL,338000
394971,2011,111,"Pensacola, FL",FL,109788
394971,2012,111,"Pensacola, FL",FL,107950
394971,2013,111,"Pensacola, FL",FL,110050
394971,2014,111,"Pensacola, FL",FL,122750
394971,2015,111,"Pensacola, FL",FL,129000
394971,2016,111,"Pensacola, FL",FL,148000
394971,2017,111,"Pensacola, FL",FL,159900
394971,2018,111,"Pensacola, FL",FL,185000
394971,2019,111,"Pensacola, FL",FL,195000
394971,2020,111,"Pensacola, FL",FL,227310
394971,2021,111,"Pensacola, FL",FL,250000
394971,2022,111,"Pensacola, FL",FL,260000
394971,2023,111,"Pensacola, FL",FL,275000
394995,2011,115,"Port St. Lucie, FL",FL,112750
394995,2012,115,"Port St. Lucie, FL",FL,120000
394995,2013,115,"Port St. Lucie, FL",FL,138000
394995,2014,115,"Port St. Lucie, FL",FL,155000
394995,2015,115,"Port St. Lucie, FL",FL,167000
394995,2016,115,"Port St. Lucie, FL",FL,189450
394995,2017,115,"Port St. Lucie, FL",FL,205000
394995,2018,115,"Port St. Lucie, FL",FL,220000
394995,2019,115,"Port St. Lucie, FL",FL,239100
394995,2020,115,"Port St. Lucie, FL",FL,275450
394995,2021,115,"Port St. Lucie, FL",FL,340000
394995,2022,115,"Port St. Lucie, FL",FL,365000
394995,2023,115,"Port St. Lucie, FL",FL,389000
395146,2011,145,"Tallahassee, FL",FL,143000
395146,2012,145,"Tallahassee, FL",FL,151500
395146,2013,145,"Tallahassee, FL",FL,127500
395146,2014,145,"Tallahassee, FL",FL,147500
395146,2015,145,"Tallahassee, FL",FL,130000
395146,2016,145,"Tallahassee, FL",FL,167500
395146,2017,145,"Tallahassee, FL",FL,177000
395146,2018,145,"Tallahassee, FL",FL,175000
395146,2019,145,"Tallahassee, FL",FL,200000
395146,2020,145,"Tallahassee, FL",FL,204500
395146,2021,145,"Tallahassee, FL",FL,235000
395146,2022,145,"Tallahassee, FL",FL,250000
395146,2023,145,"Tallahassee, FL",FL,289500
394901,2011,147,"Naples, FL",FL,206000
394901,2012,147,"Naples, FL",FL,261000
394901,2013,147,"Naples, FL",FL,332500
394901,2014,147,"Naples, FL",FL,340085
394901,2015,147,"Naples, FL",FL,342500
394901,2016,147,"Naples, FL",FL,364000
394901,2017,147,"Naples, FL",FL,360000
394901,2018,147,"Naples, FL",FL,375000
394901,2019,147,"Naples, FL",FL,400000
394901,2020,147,"Naples, FL",FL,492500
394901,2021,147,"Naples, FL",FL,615000
394901,2022,147,"Naples, FL",FL,699500
394901,2023,147,"Naples, FL",FL,727500
394927,2011,149,"Ocala, FL",FL,89900
394927,2012,149,"Ocala, FL",FL,90850
394927,2013,149,"Ocala, FL",FL,87000
394927,2014,149,"Ocala, FL",FL,90000
394927,2015,149,"Ocala, FL",FL,105000
394927,2016,149,"Ocala, FL",FL,123000
394927,2017,149,"Ocala, FL",FL,140000
394927,2018,149,"Ocala, FL",FL,160000
394927,2019,149,"Ocala, FL",FL,172000
394927,2020,149,"Ocala, FL",FL,175000
394927,2021,149,"Ocala, FL",FL,240000
394927,2022,149,"Ocala, FL",FL,242750
394927,2023,149,"Ocala, FL",FL,264000
394622,2011,155,"Gainesville, FL",FL,115000
394622,2012,155,"Gainesville, FL",FL,150000
394622,2013,155,"Gainesville, FL",FL,138000
394622,2014,155,"Gainesville, FL",FL,130000
394622,2015,155,"Gainesville, FL",FL,145900
394622,2016,155,"Gainesville, FL",FL,169000
394622,2017,155,"Gainesville, FL",FL,183000
394622,2018,155,"Gainesville, FL",FL,184500
394622,2019,155,"Gainesville, FL",FL,219750
394622,2020,155,"Gainesville, FL",FL,237500
394622,2021,155,"Gainesville, FL",FL,268500
394622,2022,155,"Gainesville, FL",FL,285000
394622,2023,155,"Gainesville, FL",FL,299000
753875,2011,176,"Crestview, FL",FL,151400
753875,2012,176,"Crestview, FL",FL,180000
753875,2013,176,"Crestview, FL",FL,170000
753875,2014,176,"Crestview, FL",FL,195000
753875,2015,176,"Crestview, FL",FL,194388
753875,2016,176,"Crestview, FL",FL,218000
753875,2017,176,"Crestview, FL",FL,240000
753875,2018,176,"Crestview, FL",FL,236000
753875,2019,176,"Crestview, FL",FL,279900
753875,2020,176,"Crestview, FL",FL,342000
753875,2021,176,"Crestview, FL",FL,370000
753875,2022,176,"Crestview, FL",FL,352500
753875,2023,176,"Crestview, FL",FL,381600
395009,2011,237,"Punta Gorda, FL",FL,93000
395009,2012,237,"Punta Gorda, FL",FL,112000
395009,2013,237,"Punta Gorda, FL",FL,140500
395009,2014,237,"Punta Gorda, FL",FL,133450
395009,2015,237,"Punta Gorda, FL",FL,153000
395009,2016,237,"Punta Gorda, FL",FL,177000
395009,2017,237,"Punta Gorda, FL",FL,204000
395009,2018,237,"Punta Gorda, FL",FL,200000
395009,2019,237,"Punta Gorda, FL",FL,218500
395009,2020,237,"Punta Gorda, FL",FL,246260
395009,2021,237,"Punta Gorda, FL",FL,315000
395009,2022,237,"Punta Gorda, FL",FL,310000
395009,2023,237,"Punta Gorda, FL",FL,325000
394960,2011,242,"Panama City, FL",FL,125000
394960,2012,242,"Panama City, FL",FL,138900
394960,2013,242,"Panama City, FL",FL,137500
394960,2014,242,"Panama City, FL",FL,144500
394960,2015,242,"Panama City, FL",FL,155000
394960,2016,242,"Panama City, FL",FL,172000
394960,2017,242,"Panama City, FL",FL,189900
394960,2018,242,"Panama City, FL",FL,185000
394960,2019,242,"Panama City, FL",FL,213500
394960,2020,242,"Panama City, FL",FL,246000
394960,2021,242,"Panama City, FL",FL,298250
394960,2022,242,"Panama City, FL",FL,310000
394960,2023,242,"Panama City, FL",FL,320000
395079,2011,274,"Sebastian, FL",FL,125000
395079,2012,274,"Sebastian, FL",FL,135000
395079,2013,274,"Sebastian, FL",FL,132500
395079,2014,274,"Sebastian, FL",FL,163500
395079,2015,274,"Sebastian, FL",FL,173750
395079,2016,274,"Sebastian, FL",FL,175000
395079,2017,274,"Sebastian, FL",FL,217750
395079,2018,274,"Sebastian, FL",FL,223000
395079,2019,274,"Sebastian, FL",FL,235000
395079,2020,274,"Sebastian, FL",FL,260000
395079,2021,274,"Sebastian, FL",FL,323500
395079,2022,274,"Sebastian, FL",FL,354500
395079,2023,274,"Sebastian, FL",FL,360000
394685,2011,289,"Homosassa Springs, FL",FL,79900
394685,2012,289,"Homosassa Springs, FL",FL,91750
394685,2013,289,"Homosassa Springs, FL",FL,86500
394685,2014,289,"Homosassa Springs, FL",FL,96000
394685,2015,289,"Homosassa Springs, FL",FL,90000
394685,2016,289,"Homosassa Springs, FL",FL,120500
394685,2017,289,"Homosassa Springs, FL",FL,145000
394685,2018,289,"Homosassa Springs, FL",FL,142000
394685,2019,289,"Homosassa Springs, FL",FL,170000
394685,2020,289,"Homosassa Springs, FL",FL,188900
394685,2021,289,"Homosassa Springs, FL",FL,225000
394685,2022,289,"Homosassa Springs, FL",FL,255000
394685,2023,289,"Homosassa Springs, FL",FL,260000
395153,2011,329,"The Villages, FL",FL,167000
395153,2012,329,"The Villages, FL",FL,175750
395153,2013,329,"The Villages, FL",FL,206000
395153,2014,329,"The Villages, FL",FL,224000
395153,2015,329,"The Villages, FL",FL,235000
395153,2016,329,"The Villages, FL",FL,232000
395153,2017,329,"The Villages, FL",FL,245000
395153,2018,329,"The Villages, FL",FL,272000
395153,2019,329,"The Villages, FL",FL,287500
395153,2020,329,"The Villages, FL",FL,284500
395153,2021,329,"The Villages, FL",FL,345000
395153,2022,329,"The Villages, FL",FL,394500
395153,2023,329,"The Villages, FL",FL,406250
395080,2011,390,"Sebring, FL",FL,82500
395080,2012,390,"Sebring, FL",FL,75000
395080,2013,390,"Sebring, FL",FL,78950
395080,2014,390,"Sebring, FL",FL,86750
395080,2015,390,"Sebring, FL",FL,100500
395080,2016,390,"Sebring, FL",FL,117500
395080,2017,390,"Sebring, FL",FL,123750
395080,2018,390,"Sebring, FL",FL,137000
395080,2019,390,"Sebring, FL",FL,150500
395080,2020,390,"Sebring, FL",FL,160000
395080,2021,390,"Sebring, FL",FL,229000
395080,2022,390,"Sebring, FL",FL,199900
395080,2023,390,"Sebring, FL",FL,235000
394744,2011,442,"Key West, FL",FL,345000
394744,2012,442,"Key West, FL",FL,430000
394744,2013,442,"Key West, FL",FL,358000
394744,2014,442,"Key West, FL",FL,408000
394744,2015,442,"Key West, FL",FL,455000
394744,2016,442,"Key West, FL",FL,480000
394744,2017,442,"Key West, FL",FL,485000
394744,2018,442,"Key West, FL",FL,520000
394744,2019,442,"Key West, FL",FL,605000
394744,2020,442,"Key West, FL",FL,672500
394744,2021,442,"Key West, FL",FL,849500
394744,2022,442,"Key West, FL",FL,951000
394744,2023,442,"Key West, FL",FL,971000
394955,2011,479,"Palatka, FL",FL,71900
394955,2012,479,"Palatka, FL",FL,53750
394955,2013,479,"Palatka, FL",FL,60000
394955,2014,479,"Palatka, FL",FL,75000
394955,2015,479,"Palatka, FL",FL,75750
394955,2016,479,"Palatka, FL",FL,81000
394955,2017,479,"Palatka, FL",FL,100000
394955,2018,479,"Palatka, FL",FL,120000
394955,2019,479,"Palatka, FL",FL,138000
394955,2020,479,"Palatka, FL",FL,168500
394955,2021,479,"Palatka, FL",FL,157450
394955,2022,479,"Palatka, FL",FL,222500
394955,2023,479,"Palatka, FL",FL,200000
394764,2011,489,"Lake City, FL",FL,87250
394764,2012,489,"Lake City, FL",FL,96000
394764,2013,489,"Lake City, FL",FL,107000
394764,2014,489,"Lake City, FL",FL,100000
394764,2015,489,"Lake City, FL",FL,87700
394764,2016,489,"Lake City, FL",FL,105000
394764,2017,489,"Lake City, FL",FL,131625
394764,2018,489,"Lake City, FL",FL,146000
394764,2019,489,"Lake City, FL",FL,167000
394764,2020,489,"Lake City, FL",FL,175000
394764,2021,489,"Lake City, FL",FL,214250
394764,2022,489,"Lake City, FL",FL,216000
394764,2023,489,"Lake City, FL",FL,284950
394476,2011,704,"Clewiston, FL",FL,0
394476,2012,704,"Clewiston, FL",FL,0
394476,2013,704,"Clewiston, FL",FL,0
394476,2014,704,"Clewiston, FL",FL,0
394476,2015,704,"Clewiston, FL",FL,0
394476,2016,704,"Clewiston, FL",FL,0
394476,2017,704,"Clewiston, FL",FL,0
394476,2018,704,"Clewiston, FL",FL,0
394476,2019,704,"Clewiston, FL",FL,0
394476,2020,704,"Clewiston, FL",FL,226600
394476,2021,704,"Clewiston, FL",FL,45000
394476,2022,704,"Clewiston, FL",FL,200000
394476,2023,704,"Clewiston, FL",FL,45000
394514,2011,4,"Dallas, TX",TX,145000
394514,2012,4,"Dallas, TX",TX,158000
394514,2013,4,"Dallas, TX",TX,172000
394514,2014,4,"Dallas, TX",TX,190000
394514,2015,4,"Dallas, TX",TX,205000
394514,2016,4,"Dallas, TX",TX,228000
394514,2017,4,"Dallas, TX",TX,245000
394514,2018,4,"Dallas, TX",TX,249225
394514,2019,4,"Dallas, TX",TX,265000
394514,2020,4,"Dallas, TX",TX,295000
394514,2021,4,"Dallas, TX",TX,356631
394514,2022,4,"Dallas, TX",TX,360000
394514,2023,4,"Dallas, TX",TX,370000
394692,2011,5,"Houston, TX",TX,150000
394692,2012,5,"Houston, TX",TX,155100
394692,2013,5,"Houston, TX",TX,175000
394692,2014,5,"Houston, TX",TX,192500
394692,2015,5,"Houston, TX",TX,195000
394692,2016,5,"Houston, TX",TX,208510
394692,2017,5,"Houston, TX",TX,211500
394692,2018,5,"Houston, TX",TX,220000
394692,2019,5,"Houston, TX",TX,235000
394692,2020,5,"Houston, TX",TX,265000
394692,2021,5,"Houston, TX",TX,309000
394692,2022,5,"Houston, TX",TX,310000
394692,2023,5,"Houston, TX",TX,315000
395055,2011,24,"San Antonio, TX",TX,140000
395055,2012,24,"San Antonio, TX",TX,150650
395055,2013,24,"San Antonio, TX",TX,164000
395055,2014,24,"San Antonio, TX",TX,170000
395055,2015,24,"San Antonio, TX",TX,181328
395055,2016,24,"San Antonio, TX",TX,194000
395055,2017,24,"San Antonio, TX",TX,202900
395055,2018,24,"San Antonio, TX",TX,210000
395055,2019,24,"San Antonio, TX",TX,222000
395055,2020,24,"San Antonio, TX",TX,254000
395055,2021,24,"San Antonio, TX",TX,296663
395055,2022,24,"San Antonio, TX",TX,309900
395055,2023,24,"San Antonio, TX",TX,310000
394355,2011,29,"Austin, TX",TX,184000
394355,2012,29,"Austin, TX",TX,199900
394355,2013,29,"Austin, TX",TX,217800
394355,2014,29,"Austin, TX",TX,235000
394355,2015,29,"Austin, TX",TX,260000
394355,2016,29,"Austin, TX",TX,280000
394355,2017,29,"Austin, TX",TX,299990
394355,2018,29,"Austin, TX",TX,307000
394355,2019,29,"Austin, TX",TX,331000
394355,2020,29,"Austin, TX",TX,385000
394355,2021,29,"Austin, TX",TX,477699
394355,2022,29,"Austin, TX",TX,450000
394355,2023,29,"Austin, TX",TX,463000
394843,2011,67,"McAllen, TX",TX,96200
394843,2012,67,"McAllen, TX",TX,105000
394843,2013,67,"McAllen, TX",TX,99900
394843,2014,67,"McAllen, TX",TX,123500
394843,2015,67,"McAllen, TX",TX,131398
394843,2016,67,"McAllen, TX",TX,120744
394843,2017,67,"McAllen, TX",TX,136000
394843,2018,67,"McAllen, TX",TX,142000
394843,2019,67,"McAllen, TX",TX,151000
394843,2020,67,"McAllen, TX",TX,178500
394843,2021,67,"McAllen, TX",TX,197000
394843,2022,67,"McAllen, TX",TX,190000
394843,2023,67,"McAllen, TX",TX,203000
394561,2011,69,"El Paso, TX",TX,132000
394561,2012,69,"El Paso, TX",TX,126000
394561,2013,69,"El Paso, TX",TX,129500
394561,2014,69,"El Paso, TX",TX,125000
394561,2015,69,"El Paso, TX",TX,127500
394561,2016,69,"El Paso, TX",TX,135000
394561,2017,69,"El Paso, TX",TX,138000
394561,2018,69,"El Paso, TX",TX,145000
394561,2019,69,"El Paso, TX",TX,153357
394561,2020,69,"El Paso, TX",TX,177250
394561,2021,69,"El Paso, TX",TX,200000
394561,2022,69,"El Paso, TX",TX,220000
394561,2023,69,"El Paso, TX",TX,225000
394746,2011,120,"Killeen, TX",TX,110000
394746,2012,120,"Killeen, TX",TX,128000
394746,2013,120,"Killeen, TX",TX,114500
394746,2014,120,"Killeen, TX",TX,123600
394746,2015,120,"Killeen, TX",TX,120190
394746,2016,120,"Killeen, TX",TX,126825
394746,2017,120,"Killeen, TX",TX,141000
394746,2018,120,"Killeen, TX",TX,148000
394746,2019,120,"Killeen, TX",TX,157000
394746,2020,120,"Killeen, TX",TX,189250
394746,2021,120,"Killeen, TX",TX,235000
394746,2022,120,"Killeen, TX",TX,245000
394746,2023,120,"Killeen, TX",TX,249225
394502,2011,129,"Corpus Christi, TX",TX,130000
394502,2012,129,"Corpus Christi, TX",TX,135000
394502,2013,129,"Corpus Christi, TX",TX,135000
394502,2014,129,"Corpus Christi, TX",TX,166500
394502,2015,129,"Corpus Christi, TX",TX,152000
394502,2016,129,"Corpus Christi, TX",TX,180000
394502,2017,129,"Corpus Christi, TX",TX,176800
394502,2018,129,"Corpus Christi, TX",TX,183250
394502,2019,129,"Corpus Christi, TX",TX,207000
394502,2020,129,"Corpus Christi, TX",TX,229950
394502,2021,129,"Corpus Christi, TX",TX,249000
394502,2022,129,"Corpus Christi, TX",TX,242000
394502,2023,129,"Corpus Christi, TX",TX,270000
394421,2011,130,"Brownsville, TX",TX,142641
394421,2012,130,"Brownsville, TX",TX,80000
394421,2013,130,"Brownsville, TX",TX,113433
394421,2014,130,"Brownsville, TX",TX,133932
394421,2015,130,"Brownsville, TX",TX,131142
394421,2016,130,"Brownsville, TX",TX,132283
394421,2017,130,"Brownsville, TX",TX,138317
394421,2018,130,"Brownsville, TX",TX,147019
394421,2019,130,"Brownsville, TX",TX,161500
394421,2020,130,"Brownsville, TX",TX,177611
394421,2021,130,"Brownsville, TX",TX,197000
394421,2022,130,"Brownsville, TX",TX,193124
394421,2023,130,"Brownsville, TX",TX,222458
394372,2011,140,"Beaumont, TX",TX,122498
394372,2012,140,"Beaumont, TX",TX,165113
394372,2013,140,"Beaumont, TX",TX,149019
394372,2014,140,"Beaumont, TX",TX,144194
394372,2015,140,"Beaumont, TX",TX,140948
394372,2016,140,"Beaumont, TX",TX,163150
394372,2017,140,"Beaumont, TX",TX,155644
394372,2018,140,"Beaumont, TX",TX,154792
394372,2019,140,"Beaumont, TX",TX,176738
394372,2020,140,"Beaumont, TX",TX,187370
394372,2021,140,"Beaumont, TX",TX,199537
394372,2022,140,"Beaumont, TX",TX,180000
394372,2023,140,"Beaumont, TX",TX,179000
394808,2011,162,"Lubbock, TX",TX,122250
394808,2012,162,"Lubbock, TX",TX,119900
394808,2013,162,"Lubbock, TX",TX,129000
394808,2014,162,"Lubbock, TX",TX,132000
394808,2015,162,"Lubbock, TX",TX,126613
394808,2016,162,"Lubbock, TX",TX,141500
394808,2017,162,"Lubbock, TX",TX,154400
394808,2018,162,"Lubbock, TX",TX,161400
394808,2019,162,"Lubbock, TX",TX,160000
394808,2020,162,"Lubbock, TX",TX,182550
394808,2021,162,"Lubbock, TX",TX,198750
394808,2022,162,"Lubbock, TX",TX,205000
394808,2023,162,"Lubbock, TX",TX,222500
394803,2011,173,"Longview, TX",TX,148928
394803,2012,173,"Longview, TX",TX,126500
394803,2013,173,"Longview, TX",TX,135489
394803,2014,173,"Longview, TX",TX,145450
394803,2015,173,"Longview, TX",TX,149150
394803,2016,173,"Longview, TX",TX,143500
394803,2017,173,"Longview, TX",TX,149950
394803,2018,173,"Longview, TX",TX,164000
394803,2019,173,"Longview, TX",TX,165604
394803,2020,173,"Longview, TX",TX,176000
394803,2021,173,"Longview, TX",TX,235000
394803,2022,173,"Longview, TX",TX,245900
394803,2023,173,"Longview, TX",TX,225500
395197,2011,178,"Waco, TX",TX,125000
395197,2012,178,"Waco, TX",TX,127000
395197,2013,178,"Waco, TX",TX,130000
395197,2014,178,"Waco, TX",TX,136500
395197,2015,178,"Waco, TX",TX,142500
395197,2016,178,"Waco, TX",TX,153000
395197,2017,178,"Waco, TX",TX,175000
395197,2018,178,"Waco, TX",TX,167000
395197,2019,178,"Waco, TX",TX,178000
395197,2020,178,"Waco, TX",TX,215000
395197,2021,178,"Waco, TX",TX,255000
395197,2022,178,"Waco, TX",TX,235000
395197,2023,178,"Waco, TX",TX,253750
394323,2011,186,"Amarillo, TX",TX,125375
394323,2012,186,"Amarillo, TX",TX,130000
394323,2013,186,"Amarillo, TX",TX,135483
394323,2014,186,"Amarillo, TX",TX,145031
394323,2015,186,"Amarillo, TX",TX,139900
394323,2016,186,"Amarillo, TX",TX,154200
394323,2017,186,"Amarillo, TX",TX,146500
394323,2018,186,"Amarillo, TX",TX,152500
394323,2019,186,"Amarillo, TX",TX,160000
394323,2020,186,"Amarillo, TX",TX,182000
394323,2021,186,"Amarillo, TX",TX,198264
394323,2022,186,"Amarillo, TX",TX,225000
394323,2023,186,"Amarillo, TX",TX,231500
394772,2011,187,"Laredo, TX",TX,0
394772,2012,187,"Laredo, TX",TX,0
394772,2013,187,"Laredo, TX",TX,156093
394772,2014,187,"Laredo, TX",TX,179622
394772,2015,187,"Laredo, TX",TX,177589
394772,2016,187,"Laredo, TX",TX,179912
394772,2017,187,"Laredo, TX",TX,176061
394772,2018,187,"Laredo, TX",TX,168059
394772,2019,187,"Laredo, TX",TX,189746
394772,2020,187,"Laredo, TX",TX,196928
394772,2021,187,"Laredo, TX",TX,229000
394772,2022,187,"Laredo, TX",TX,236395
394772,2023,187,"Laredo, TX",TX,230000
394483,2011,189,"College Station, TX",TX,0
394483,2012,189,"College Station, TX",TX,163000
394483,2013,189,"College Station, TX",TX,179187
394483,2014,189,"College Station, TX",TX,190000
394483,2015,189,"College Station, TX",TX,223500
394483,2016,189,"College Station, TX",TX,199864
394483,2017,189,"College Station, TX",TX,205180
394483,2018,189,"College Station, TX",TX,204016
394483,2019,189,"College Station, TX",TX,243499
394483,2020,189,"College Station, TX",TX,244943
394483,2021,189,"College Station, TX",TX,257453
394483,2022,189,"College Station, TX",TX,284527
394483,2023,189,"College Station, TX",TX,296580
395174,2011,201,"Tyler, TX",TX,150047
395174,2012,201,"Tyler, TX",TX,147862
395174,2013,201,"Tyler, TX",TX,168365
395174,2014,201,"Tyler, TX",TX,172500
395174,2015,201,"Tyler, TX",TX,169082
395174,2016,201,"Tyler, TX",TX,174762
395174,2017,201,"Tyler, TX",TX,193124
395174,2018,201,"Tyler, TX",TX,197485
395174,2019,201,"Tyler, TX",TX,206900
395174,2020,201,"Tyler, TX",TX,238500
395174,2021,201,"Tyler, TX",TX,250000
395174,2022,201,"Tyler, TX",TX,268689
395174,2023,201,"Tyler, TX",TX,284800
394299,2011,251,"Abilene, TX",TX,107500
394299,2012,251,"Abilene, TX",TX,100500
394299,2013,251,"Abilene, TX",TX,114500
394299,2014,251,"Abilene, TX",TX,124975
394299,2015,251,"Abilene, TX",TX,144300
394299,2016,251,"Abilene, TX",TX,137000
394299,2017,251,"Abilene, TX",TX,137000
394299,2018,251,"Abilene, TX",TX,166052
394299,2019,251,"Abilene, TX",TX,155000
394299,2020,251,"Abilene, TX",TX,176900
394299,2021,251,"Abilene, TX",TX,209000
394299,2022,251,"Abilene, TX",TX,203000
394299,2023,251,"Abilene, TX",TX,196658
394860,2011,254,"Midland, TX",TX,175000
394860,2012,254,"Midland, TX",TX,199389
394860,2013,254,"Midland, TX",TX,207600
394860,2014,254,"Midland, TX",TX,233500
394860,2015,254,"Midland, TX",TX,227360
394860,2016,254,"Midland, TX",TX,245459
394860,2017,254,"Midland, TX",TX,250000
394860,2018,254,"Midland, TX",TX,277500
394860,2019,254,"Midland, TX",TX,303000
394860,2020,254,"Midland, TX",TX,283750
394860,2021,254,"Midland, TX",TX,304397
394860,2022,254,"Midland, TX",TX,317500
394860,2023,254,"Midland, TX",TX,341000
394930,2011,271,"Odessa, TX",TX,129181
394930,2012,271,"Odessa, TX",TX,169435
394930,2013,271,"Odessa, TX",TX,181655
394930,2014,271,"Odessa, TX",TX,170000
394930,2015,271,"Odessa, TX",TX,184088
394930,2016,271,"Odessa, TX",TX,177817
394930,2017,271,"Odessa, TX",TX,185000
394930,2018,271,"Odessa, TX",TX,205883
394930,2019,271,"Odessa, TX",TX,229900
394930,2020,271,"Odessa, TX",TX,239716
394930,2021,271,"Odessa, TX",TX,235000
394930,2022,271,"Odessa, TX",TX,200000
394930,2023,271,"Odessa, TX",TX,246972
395223,2011,298,"Wichita Falls, TX",TX,112407
395223,2012,298,"Wichita Falls, TX",TX,95466
395223,2013,298,"Wichita Falls, TX",TX,127913
395223,2014,298,"Wichita Falls, TX",TX,124500
395223,2015,298,"Wichita Falls, TX",TX,112500
395223,2016,298,"Wichita Falls, TX",TX,124950
395223,2017,298,"Wichita Falls, TX",TX,128244
395223,2018,298,"Wichita Falls, TX",TX,117500
395223,2019,298,"Wichita Falls, TX",TX,149400
395223,2020,298,"Wichita Falls, TX",TX,148993
395223,2021,298,"Wichita Falls, TX",TX,169750
395223,2022,298,"Wichita Falls, TX",TX,175000
395223,2023,298,"Wichita Falls, TX",TX,163500
395094,2011,319,"Sherman, TX",TX,91000
395094,2012,319,"Sherman, TX",TX,120500
395094,2013,319,"Sherman, TX",TX,116538
395094,2014,319,"Sherman, TX",TX,140250
395094,2015,319,"Sherman, TX",TX,134000
395094,2016,319,"Sherman, TX",TX,149000
395094,2017,319,"Sherman, TX",TX,152750
395094,2018,319,"Sherman, TX",TX,163000
395094,2019,319,"Sherman, TX",TX,174400
395094,2020,319,"Sherman, TX",TX,214950
395094,2021,319,"Sherman, TX",TX,246250
395094,2022,319,"Sherman, TX",TX,253686
395094,2023,319,"Sherman, TX",TX,286000
395054,2011,344,"San Angelo, TX",TX,0
395054,2012,344,"San Angelo, TX",TX,0
395054,2013,344,"San Angelo, TX",TX,0
395054,2014,344,"San Angelo, TX",TX,0
395054,2015,344,"San Angelo, TX",TX,0
395054,2016,344,"San Angelo, TX",TX,0
395054,2017,344,"San Angelo, TX",TX,0
395054,2018,344,"San Angelo, TX",TX,0
395054,2019,344,"San Angelo, TX",TX,0
395054,2020,344,"San Angelo, TX",TX,0
395054,2021,344,"San Angelo, TX",TX,0
395054,2022,344,"San Angelo, TX",TX,241551
395054,2023,344,"San Angelo, TX",TX,249225
395190,2011,400,"Victoria, TX",TX,130000
395190,2012,400,"Victoria, TX",TX,155500
395190,2013,400,"Victoria, TX",TX,162000
395190,2014,400,"Victoria, TX",TX,171200
395190,2015,400,"Victoria, TX",TX,160000
395190,2016,400,"Victoria, TX",TX,159450
395190,2017,400,"Victoria, TX",TX,186450
395190,2018,400,"Victoria, TX",TX,172500
395190,2019,400,"Victoria, TX",TX,195400
395190,2020,400,"Victoria, TX",TX,186000
395190,2021,400,"Victoria, TX",TX,207500
395190,2022,400,"Victoria, TX",TX,208510
395190,2023,400,"Victoria, TX",TX,237000
394345,2011,446,"Athens, TX",TX,0
394345,2012,446,"Athens, TX",TX,130000
394345,2013,446,"Athens, TX",TX,126351
394345,2014,446,"Athens, TX",TX,128750
394345,2015,446,"Athens, TX",TX,164500
394345,2016,446,"Athens, TX",TX,251069
394345,2017,446,"Athens, TX",TX,173000
394345,2018,446,"Athens, TX",TX,180000
394345,2019,446,"Athens, TX",TX,185750
394345,2020,446,"Athens, TX",TX,231450
394345,2021,446,"Athens, TX",TX,289000
394345,2022,446,"Athens, TX",TX,262000
394345,2023,446,"Athens, TX",TX,306500
845162,2011,535,"Granbury, TX",TX,0
845162,2012,535,"Granbury, TX",TX,0
845162,2013,535,"Granbury, TX",TX,0
845162,2014,535,"Granbury, TX",TX,0
845162,2015,535,"Granbury, TX",TX,0
845162,2016,535,"Granbury, TX",TX,0
845162,2017,535,"Granbury, TX",TX,0
845162,2018,535,"Granbury, TX",TX,0
845162,2019,535,"Granbury, TX",TX,0
845162,2020,535,"Granbury, TX",TX,0
845162,2021,535,"Granbury, TX",TX,0
845162,2022,535,"Granbury, TX",TX,0
845162,2023,535,"Granbury, TX",TX,340000
394503,2011,592,"Corsicana, TX",TX,0
394503,2012,592,"Corsicana, TX",TX,0
394503,2013,592,"Corsicana, TX",TX,0
394503,2014,592,"Corsicana, TX",TX,0
394503,2015,592,"Corsicana, TX",TX,0
394503,2016,592,"Corsicana, TX",TX,0
394503,2017,592,"Corsicana, TX",TX,0
394503,2018,592,"Corsicana, TX",TX,0
394503,2019,592,"Corsicana, TX",TX,0
394503,2020,592,"Corsicana, TX",TX,177500
394503,2021,592,"Corsicana, TX",TX,200000
394503,2022,592,"Corsicana, TX",TX,239500
394503,2023,592,"Corsicana, TX",TX,200000
394963,2011,602,"Paris, TX",TX,0
394963,2012,602,"Paris, TX",TX,0
394963,2013,602,"Paris, TX",TX,0
394963,2014,602,"Paris, TX",TX,0
394963,2015,602,"Paris, TX",TX,0
394963,2016,602,"Paris, TX",TX,0
394963,2017,602,"Paris, TX",TX,0
394963,2018,602,"Paris, TX",TX,0
394963,2019,602,"Paris, TX",TX,0
394963,2020,602,"Paris, TX",TX,0
394963,2021,602,"Paris, TX",TX,0
394963,2022,602,"Paris, TX",TX,0
394963,2023,602,"Paris, TX",TX,192000
394422,2011,721,"Brownwood, TX",TX,0
394422,2012,721,"Brownwood, TX",TX,0
394422,2013,721,"Brownwood, TX",TX,0
394422,2014,721,"Brownwood, TX",TX,0
394422,2015,721,"Brownwood, TX",TX,0
394422,2016,721,"Brownwood, TX",TX,0
394422,2017,721,"Brownwood, TX",TX,0
394422,2018,721,"Brownwood, TX",TX,0
394422,2019,721,"Brownwood, TX",TX,0
394422,2020,721,"Brownwood, TX",TX,185000
394422,2021,721,"Brownwood, TX",TX,197854
394422,2022,721,"Brownwood, TX",TX,154527
394422,2023,721,"Brownwood, TX",TX,184950
394385,2011,770,"Big Spring, TX",TX,0
394385,2012,770,"Big Spring, TX",TX,0
394385,2013,770,"Big Spring, TX",TX,0
394385,2014,770,"Big Spring, TX",TX,0
394385,2015,770,"Big Spring, TX",TX,0
394385,2016,770,"Big Spring, TX",TX,0
394385,2017,770,"Big Spring, TX",TX,0
394385,2018,770,"Big Spring, TX",TX,0
394385,2019,770,"Big Spring, TX",TX,0
394385,2020,770,"Big Spring, TX",TX,0
394385,2021,770,"Big Spring, TX",TX,0
394385,2022,770,"Big Spring, TX",TX,0
394385,2023,770,"Big Spring, TX",TX,174500
,,,,,
,,,,,
,,,,,
,,,,,
,,,,,
,,,,,
,,,,,
,,,,,
,,,,,
,,,,,
,,,,,
,,,,,
,,,,,
,,,,,
,,,,,
,,,,,
,,,,,
,,,,,
,,,,,
,,,,,
,,,,,
,,,,,
,,,,,
,,,,,
,,,,,
,,,,,
,,,,,
,,,,,
,,,,,
,,,,,
,,,,,
,,,,,
,,,,,
,,,,,
,,,,,
,,,,,
,,,,,
,,,,,
,,,,,
,,,,,
,,,,,
,,,,,
,,,,,
,,,,,
,,,,,
,,,,,
,,,,,
,,,,,
,,,,,
,,,,,
,,,,,
,,,,,
,,,,,
,,,,,
,,,,,
,,,,,
,,,,,
,,,,,
,,,,,
,,,,,
,,,,,
,,,,,
,,,,,
,,,,,
,,,,,
,,,,,
,,,,,
,,,,,
,,,,,
,,,,,
,,,,,
,,,,,
,,,,,
,,,,,
,,,,,
,,,,,
,,,,,
,,,,,
,,,,,
,,,,,
,,,,,
,,,,,
,,,,,
,,,,,
,,,,,
,,,,,
,,,,,
,,,,,
,,,,,
,,,,,
,,,,,
,,,,,
,,,,,
,,,,,
,,,,,
,,,,,
,,,,,
,,,,,
,,,,,
,,,,,
,,,,,
,,,,,
,,,,,
,,,,,
,,,,,
,,,,,
,,,,,
,,,,,
,,,,,
,,,,,
,,,,,
,,,,,
,,,,,
,,,,,
,,,,,
,,,,,
,,,,,
,,,,,
,,,,,
,,,,,
,,,,,
,,,,,
,,,,,
,,,,,
,,,,,
,,,,,
,,,,,
,,,,,
,,,,,
,,,,,
,,,,,
,,,,,
,,,,,
,,,,,
,,,,,
,,,,,
,,,,,
,,,,,
,,,,,
,,,,,
,,,,,
,,,,,
,,,,,